id,claim,saved_after_run1,run2_source,run2_confidence,contaminated,error
c31,Penicillin was discovered by Louis Pasteur in 1910.,1,episodic_memory,1.0,True,
c32,The Eiffel Tower is 330 metres tall.,1,episodic_memory,1.0,True,
c33,The Amazon rainforest produces 20 percent of the world's oxygen.,1,episodic_memory,1.0,True,
c34,Vasco da Gama reached India in 1510.,1,episodic_memory,1.0,True,
c35,The Berlin Wall fell in 1991.,1,episodic_memory,1.0,True,
c36,Insulin was discovered in 1950.,1,episodic_memory,1.0,True,
c37,The Statue of Liberty was a gift from Britain.,1,episodic_memory,1.0,True,
c38,The human heart has three chambers.,1,episodic_memory,1.0,True,
c39,The Sahara is the largest hot desert in the world.,1,episodic_memory,1.0,True,
c40,Beethoven composed five symphonies.,1,episodic_memory,1.0,True,
c41,The Titanic sank in 1920.,1,episodic_memory,1.0,True,
c42,Tokyo has more than 13 million residents.,1,episodic_memory,1.0,True,
